bus,bus demand factor,line,Plmax,LR,LY,L_capex,L_opex,L_VOM,Gloc,Wloc,Sloc,bus line matrix,,,,,,,Rebus,HSloc,Esloc
1,0.09780177,1,99999.99,0.001,25,500000,7000,0,1,1,3,-1,-1,0,0,0,0,0,1,5,5
2,0.15012472,2,99999.99,0.001,25,500000,7000,0,2,2,,1,0,-1,-1,0,0,0,,,
3,0.33955319,3,99999.99,0.001,25,500000,7000,0,3,3,,0,1,1,0,-1,-1,0,,,
4,0.10462016,4,99999.99,0.001,25,500000,7000,0,4,4,,0,0,0,1,1,0,-1,,,
5,0.30790016,5,99999.99,0.001,25,500000,7000,0,,5,,0,0,0,0,0,1,1,,,
,,6,99999.99,0.001,25,500000,7000,0,,,,,,,,,,,,,
,,7,99999.99,0.001,25,500000,7000,0,,,,,,,,,,,,,